plate,well_position,sentrix_id,sentrix_position,sample_id,description,tissue,age,sex,normal_7_19,jh_11_19
1483,D12,201980430165,R04C01,HC,bulk,NA,NA,NA,FALSE,FALSE
1345,A01,200511490070,R01C01,EN,bulk,NA,NA,NA,FALSE,TRUE
1345,B01,200511490070,R02C01,EA,bulk,NA,NA,NA,FALSE,TRUE
1345,C01,200511490070,R03C01,EB,bulk,NA,NA,NA,FALSE,TRUE
1345,D01,200511490070,R04C01,KN (new),bulk,NA,NA,NA,FALSE,TRUE
1345,E01,200511490070,R05C01,KA (new),bulk,NA,NA,NA,FALSE,TRUE
1345,F01,200511490070,R06C01,KB (new),bulk,NA,NA,NA,FALSE,TRUE
1345,G01,200511490070,R07C01,XA,bulk,NA,NA,NA,FALSE,TRUE
1345,H01,200511490070,R08C01,XB,bulk,NA,NA,NA,FALSE,TRUE
1345,A02,200511490073,R01C01,WN,bulk,NA,NA,NA,FALSE,TRUE
1345,B02,200511490073,R02C01,WA,bulk,NA,NA,NA,FALSE,TRUE
1345,C02,200511490073,R03C01,WB,bulk,NA,NA,NA,FALSE,TRUE
1345,D02,200511490073,R04C01,TA,bulk,NA,NA,NA,FALSE,TRUE
1345,E02,200511490073,R05C01,TB,bulk,NA,NA,NA,FALSE,TRUE
1345,F02,200511490073,R06C01,SA,bulk,NA,NA,NA,FALSE,TRUE
1345,G02,200511490073,R07C01,SB,bulk,NA,NA,NA,FALSE,TRUE
1345,H02,200511490073,R08C01,JB,bulk,NA,NA,NA,FALSE,TRUE
1337,A08,200360140022,R01C01,KA,bulk,NA,NA,NA,FALSE,TRUE
1337,B08,200360140022,R02C01,KB,bulk,NA,NA,NA,FALSE,TRUE
1337,C08,200360140022,R03C01,HA,bulk,NA,NA,NA,FALSE,TRUE
1337,D08,200360140022,R04C01,HB,bulk,NA,NA,NA,FALSE,TRUE
1337,E08,200360140022,R05C01,HN,bulk,NA,NA,NA,FALSE,TRUE
1337,F08,200360140022,R06C01,JA,bulk,NA,NA,NA,FALSE,FALSE
1337,G08,200360140022,R07C01,JB,bulk,NA,NA,NA,FALSE,FALSE
1337,H08,200360140022,R08C01,JN,bulk,NA,NA,NA,FALSE,TRUE
1387,A04,200514040139,R01C01,DA,bulk,NA,NA,NA,FALSE,TRUE
1387,B04,200514040139,R02C01,DB,bulk,NA,NA,NA,FALSE,TRUE
1387,C04,200514040139,R03C01,UA,bulk,NA,NA,NA,FALSE,TRUE
1387,D04,200514040139,R04C01,UB,bulk,NA,NA,NA,FALSE,TRUE
1378,A01,200514030126,R01C01,SI,bulk,small intestine,87,male,FALSE,FALSE
1378,B01,200514030126,R02C01,FA,bulk,NA,NA,NA,FALSE,TRUE
1378,C01,200514030126,R03C01,FB,bulk,NA,NA,NA,FALSE,TRUE
1350,A02,200705860031,R01C01,CN,bulk,NA,NA,NA,FALSE,TRUE
1350,B02,200705860031,R02C01,CA,bulk,NA,NA,NA,FALSE,TRUE
1350,C02,200705860031,R03C01,CB,bulk,NA,NA,NA,FALSE,TRUE
1350,D02,200705860031,R04C01,MA,bulk,NA,NA,NA,FALSE,TRUE
1350,E02,200705860031,R05C01,MB,bulk,NA,NA,NA,FALSE,TRUE
1350,F02,200705860031,R06C01,PA,bulk,NA,NA,NA,FALSE,TRUE
1350,G02,200705860031,R07C01,PB,bulk,NA,NA,NA,FALSE,TRUE
1350,H02,200705860031,R08C01,JA,bulk,NA,NA,NA,FALSE,TRUE
1357,G01,200357150201,R07C01,OA,bulk,NA,NA,NA,FALSE,TRUE
1357,H01,200357150201,R08C01,OB,bulk,NA,NA,NA,FALSE,TRUE
